material_type,year,month,type,month_current,month_prior_year,ytd_current,ytd_prior_year
Grain Products,2008,1,Malt and malt products,374165152,365300134,374165152.0,365300134.0
Grain Products,2008,1,Corn and corn products,57563519,41647092,57563519.0,41647092.0
Grain Products,2008,1,Rice and rice products,72402143,81050102,72402143.0,81050102.0
Grain Products,2008,1,Barley and barley products,3800844,2362162,3800844.0,2362162.0
Grain Products,2008,1,Wheat and wheat products,1177186,1195381,1177186.0,1195381.0
Non-Grain Products,2008,1,Sugar and syrups,78358212,83664091,78358212.0,83664091.0
Non-Grain Products,2008,1,Hops (dry),4506546,2037754,4506546.0,2037754.0
Non-Grain Products,2008,1,Hops (used as extracts),621912,411166,621912.0,411166.0
Non-Grain Products,2008,1,Other,1291615,766735,1291615.0,766735.0
Grain Products,2008,2,Malt and malt products,355687578,350035966,729852684.0,715336100.0
Grain Products,2008,2,Corn and corn products,59513161,40939359,117076680.0,82586451.0
Grain Products,2008,2,Rice and rice products,66061597,75004651,138927948.0,156054753.0
Grain Products,2008,2,Barley and barley products,3236714,2573584,7038783.0,4935746.0
Grain Products,2008,2,Wheat and wheat products,1240983,1074183,2418369.0,2269564.0
Non-Grain Products,2008,2,Sugar and syrups,80188744,86331629,158764166.0,169995720.0
Non-Grain Products,2008,2,Hops (dry),1815271,1974186,6321869.0,4011940.0
Non-Grain Products,2008,2,Hops (used as extracts),476688,429884,1098600.0,841050.0
Non-Grain Products,2008,2,Other,1599119,920726,2878735.0,2286283.0
Grain Products,2008,3,Malt and malt products,399855819,390488998,1130370332.0,1105825098.0
Grain Products,2008,3,Corn and corn products,60800221,39788598,177877027.0,122375049.0
Grain Products,2008,3,Rice and rice products,72629666,75931310,211557614.0,231988315.0
Grain Products,2008,3,Barley and barley products,6950276,7038834,13772668.0,11975919.0
Grain Products,2008,3,Wheat and wheat products,1888250,1990328,4306619.0,4259892.0
Non-Grain Products,2008,3,Sugar and syrups,78907213,106155787,237677672.0,276151507.0
Non-Grain Products,2008,3,Hops (dry),6067167,5142701,12388955.0,9154665.0
Non-Grain Products,2008,3,Hops (used as extracts),1195722,466493,2294322.0,1307543.0
Non-Grain Products,2008,3,Other,2211210,1933946,4812634.0,4220229.0
Grain Products,2008,4,Malt and malt products,388639443,379949657,1519006647.0,1485821533.0
Grain Products,2008,4,Corn and corn products,61555980,37886557,239433482.0,160261606.0
Grain Products,2008,4,Rice and rice products,73309991,72746559,284867880.0,304734874.0
Grain Products,2008,4,Barley and barley products,3912088,2719882,17894247.0,14679712.0
Grain Products,2008,4,Wheat and wheat products,1404733,1667115,5719101.0,5927728.0
Non-Grain Products,2008,4,Sugar and syrups,81199989,106182588,318877766.0,382334033.0
Non-Grain Products,2008,4,Hops (dry),6864440,5683151,19255517.0,14838047.0
Non-Grain Products,2008,4,Hops (used as extracts),503072,474943,2797394.0,1782486.0
Non-Grain Products,2008,4,Other,1332607,1104034,6239025.0,5324335.0
Grain Products,2008,5,Malt and malt products,411307544,412720541,1930438974.0,1898542131.0
Grain Products,2008,5,Corn and corn products,63945802,56962251,303379246.0,217223857.0
Grain Products,2008,5,Rice and rice products,76219021,78247021,361086901.0,382981895.0
Grain Products,2008,5,Barley and barley products,3660048,3889536,21681701.0,18590243.0
Grain Products,2008,5,Wheat and wheat products,1697578,1678710,7434255.0,7606438.0
Non-Grain Products,2008,5,Sugar and syrups,89946309,104150281,408825249.0,486484317.0
Non-Grain Products,2008,5,Hops (dry),7470130,5988145,26756443.0,20826563.0
Non-Grain Products,2008,5,Hops (used as extracts),545875,604542,3343269.0,2387028.0
Non-Grain Products,2008,5,Other,1804156,1131684,8060369.0,6471795.0
Grain Products,2008,6,Malt and malt products,415161326,413722338,2345883022.0,2312371605.0
Grain Products,2008,6,Corn and corn products,65645480,45077699,369024726.0,262301556.0
Grain Products,2008,6,Rice and rice products,71779022,77818376,432865923.0,460803031.0
Grain Products,2008,6,Barley and barley products,7751285,8535911,29472924.0,27143077.0
Grain Products,2008,6,Wheat and wheat products,2258532,2163899,9715595.0,9773137.0
Non-Grain Products,2008,6,Sugar and syrups,81012422,98870581,489837657.0,585354888.0
Non-Grain Products,2008,6,Hops (dry),7361941,5902384,34129897.0,26730394.0
Non-Grain Products,2008,6,Hops (used as extracts),513130,563477,3856399.0,2950505.0
Non-Grain Products,2008,6,Other,2446573,2771370,10514645.0,9233947.0
Grain Products,2008,7,Malt and malt products,405393784,409012239,2751287643.0,2721383844.0
Grain Products,2008,7,Corn and corn products,66406321,57107410,435431047.0,319408966.0
Grain Products,2008,7,Rice and rice products,74945452,78702386,507811375.0,539505417.0
Grain Products,2008,7,Barley and barley products,3395619,3024211,32868573.0,30167288.0
Grain Products,2008,7,Wheat and wheat products,1371856,1134843,11089376.0,10907980.0
Non-Grain Products,2008,7,Sugar and syrups,76728131,93425185,566565788.0,678780073.0
Non-Grain Products,2008,7,Hops (dry),1759452,2418725,35889463.0,29149119.0
Non-Grain Products,2008,7,Hops (used as extracts),508794,525473,4365193.0,3475978.0
Non-Grain Products,2008,7,Other,1437970,1588517,11953015.0,10822464.0
Grain Products,2008,8,Malt and malt products,389391266,398850607,3140885987.0,3120045337.0
Grain Products,2008,8,Corn and corn products,64953210,54510910,500438007.0,373919876.0
Grain Products,2008,8,Rice and rice products,70993476,78677206,579293027.0,618182623.0
Grain Products,2008,8,Barley and barley products,3772040,3436929,36645726.0,33606254.0
Grain Products,2008,8,Wheat and wheat products,1588068,1337607,12682009.0,12246048.0
Non-Grain Products,2008,8,Sugar and syrups,83928121,88308910,650553659.0,767089445.0
Non-Grain Products,2008,8,Hops (dry),5992025,5210547,41887018.0,34359034.0
Non-Grain Products,2008,8,Hops (used as extracts),377424,506950,4742617.0,3982929.0
Non-Grain Products,2008,8,Other,1664171,1747557,13838219.0,12589065.0
Grain Products,2008,9,Malt and malt products,362587470,368839700,3502608010.0,3488929114.0
Grain Products,2008,9,Corn and corn products,59787127,53367404,560107134.0,427287280.0
Grain Products,2008,9,Rice and rice products,61739894,65977889,641591109.0,684163022.0
Grain Products,2008,9,Barley and barley products,8282404,8753818,45375202.0,42708783.0
Grain Products,2008,9,Wheat and wheat products,1840600,1783510,14529654.0,14033263.0
Non-Grain Products,2008,9,Sugar and syrups,71982604,76379897,722598338.0,843473805.0
Non-Grain Products,2008,9,Hops (dry),3788942,3718782,45657845.0,38086275.0
Non-Grain Products,2008,9,Hops (used as extracts),337294,437701,5079911.0,4420630.0
Non-Grain Products,2008,9,Other,1732698,2126694,15585587.0,14715759.0
Grain Products,2008,10,Malt and malt products,353803777,345268980,3856411787.0,3834198094.0
Grain Products,2008,10,Corn and corn products,63047343,50162879,623154477.0,477450159.0
Grain Products,2008,10,Rice and rice products,58607059,62675182,700198168.0,746838204.0
Grain Products,2008,10,Barley and barley products,3825118,4315100,49200320.0,47023883.0
Grain Products,2008,10,Wheat and wheat products,1431903,1251942,15961557.0,15285205.0
Non-Grain Products,2008,10,Sugar and syrups,42828943,75045762,765427281.0,918519567.0
Non-Grain Products,2008,10,Hops (dry),3788949,4139563,49446794.0,42225838.0
Non-Grain Products,2008,10,Hops (used as extracts),337430,530230,5417341.0,4950860.0
Non-Grain Products,2008,10,Other,1568462,1188150,17154049.0,15903909.0
Grain Products,2008,11,Malt and malt products,322733711,336784425,4179145498.0,4170982519.0
Grain Products,2008,11,Corn and corn products,53628776,46890065,676783253.0,524340224.0
Grain Products,2008,11,Rice and rice products,53971515,60648378,754169683.0,807486582.0
Grain Products,2008,11,Barley and barley products,3309266,4003419,52509586.0,51027302.0
Grain Products,2008,11,Wheat and wheat products,959228,873013,16920785.0,16158218.0
Non-Grain Products,2008,11,Sugar and syrups,44000736,78595788,809428017.0,997115355.0
Non-Grain Products,2008,11,Hops (dry),3897905,5090530,53344699.0,47316368.0
Non-Grain Products,2008,11,Hops (used as extracts),329906,621442,5747247.0,5572302.0
Non-Grain Products,2008,11,Other,1247790,1603896,18401839.0,17507805.0
Grain Products,2008,12,Malt and malt products,318741733,319259762,4497887231.0,4490242281.0
Grain Products,2008,12,Corn and corn products,49919452,44950282,726702705.0,569290506.0
Grain Products,2008,12,Rice and rice products,61716256,61973102,815885939.0,869462029.0
Grain Products,2008,12,Barley and barley products,6152633,7817457,58662219.0,58844759.0
Grain Products,2008,12,Wheat and wheat products,1348759,1775621,18269544.0,17933839.0
Non-Grain Products,2008,12,Sugar and syrups,38952441,61834705,848380458.0,1058950060.0
Non-Grain Products,2008,12,Hops (dry),1576751,6391947,54921450.0,53708315.0
Non-Grain Products,2008,12,Hops (used as extracts),272045,595035,6019292.0,6167337.0
Non-Grain Products,2008,12,Other,1574456,1810028,19976295.0,19317833.0
Grain Products,2009,1,Malt and malt products,361377478,374191807,361377478.0,374191807.0
Grain Products,2009,1,Corn and corn products,63115693,57563571,63115693.0,57563571.0
Grain Products,2009,1,Rice and rice products,59961083,72866351,59961083.0,72866351.0
Grain Products,2009,1,Barley and barley products,2169601,3819222,2169601.0,3819222.0
Grain Products,2009,1,Wheat and wheat products,873714,1177586,873714.0,1177586.0
Non-Grain Products,2009,1,Sugar and syrups,67834569,78575422,67834569.0,78575422.0
Non-Grain Products,2009,1,Hops (dry),1461121,4506953,1461121.0,4506953.0
Non-Grain Products,2009,1,Hops (used as extracts),324497,621912,324497.0,621912.0
Non-Grain Products,2009,1,Other,1424001,1279564,1424001.0,1279564.0
Grain Products,2009,2,Malt and malt products,339472713,356380767,700856291.0,730572574.0
Grain Products,2009,2,Corn and corn products,60966715,59513472,124082408.0,117077043.0
Grain Products,2009,2,Rice and rice products,60150183,66061597,120111266.0,138927948.0
Grain Products,2009,2,Barley and barley products,3334476,3116333,5504077.0,6935555.0
Grain Products,2009,2,Wheat and wheat products,1142813,1247933,2016527.0,2425519.0
Non-Grain Products,2009,2,Sugar and syrups,69375203,80195077,137209772.0,158770499.0
Non-Grain Products,2009,2,Hops (dry),4601598,1816390,6062839.0,6323343.0
Non-Grain Products,2009,2,Hops (used as extracts),345975,476688,670472.0,1098600.0
Non-Grain Products,2009,2,Other,939857,1321750,2363858.0,2601314.0
Grain Products,2009,3,Malt and malt products,380133298,400460958,1080736584.0,1131033532.0
Grain Products,2009,3,Corn and corn products,66543131,60800726,190625839.0,177877769.0
Grain Products,2009,3,Rice and rice products,64006735,72627795,184963333.0,211558089.0
Grain Products,2009,3,Barley and barley products,7094005,7435598,13145280.0,14371153.0
Grain Products,2009,3,Wheat and wheat products,2175247,1934403,4210721.0,4359922.0
Non-Grain Products,2009,3,Sugar and syrups,70030415,78910159,207294067.0,237680658.0
Non-Grain Products,2009,3,Hops (dry),6787391,6100193,12853191.0,12423525.0
Non-Grain Products,2009,3,Hops (used as extracts),382897,1195722,1053577.0,2294322.0
Non-Grain Products,2009,3,Other,6604657,2381920,8974660.0,4983344.0
Grain Products,2009,4,Malt and malt products,384396702,388670342,1465133286.0,1519703874.0
Grain Products,2009,4,Corn and corn products,67266636,61555980,257892475.0,239433749.0
Grain Products,2009,4,Rice and rice products,63166930,73309991,248130263.0,284868080.0
Grain Products,2009,4,Barley and barley products,3349556,3912088,16494836.0,18283241.0
Grain Products,2009,4,Wheat and wheat products,1569606,1405033,5780327.0,5764955.0
Non-Grain Products,2009,4,Sugar and syrups,71341108,81200057,278635175.0,318880715.0
Non-Grain Products,2009,4,Hops (dry),5574889,6864666,18428080.0,19288191.0
Non-Grain Products,2009,4,Hops (used as extracts),388369,503072,1441946.0,2797394.0
Non-Grain Products,2009,4,Other,6169478,1332607,15144138.0,6315951.0
Grain Products,2009,5,Malt and malt products,391469434,411341544,1856668052.0,1931045418.0
Grain Products,2009,5,Corn and corn products,62481084,63945802,320373559.0,303379551.0
Grain Products,2009,5,Rice and rice products,67120251,76219021,315250514.0,361087101.0
Grain Products,2009,5,Barley and barley products,3684818,3660048,20180000.0,21943289.0
Grain Products,2009,5,Wheat and wheat products,1712205,1697878,7492532.0,7462833.0
Non-Grain Products,2009,5,Sugar and syrups,75011893,89946309,353647068.0,408827024.0
Non-Grain Products,2009,5,Hops (dry),7051829,7470400,25480154.0,26758591.0
Non-Grain Products,2009,5,Hops (used as extracts),450264,545875,1892210.0,3343269.0
Non-Grain Products,2009,5,Other,6915331,1804156,22059123.0,8120107.0
Grain Products,2009,6,Malt and malt products,381247341,415350597,2242117420.0,2346396015.0
Grain Products,2009,6,Corn and corn products,62107546,65610104,382481467.0,368989655.0
Grain Products,2009,6,Rice and rice products,64576127,71931873,381522344.0,434013436.0
Grain Products,2009,6,Barley and barley products,8146509,8078625,28472349.0,30021914.0
Grain Products,2009,6,Wheat and wheat products,1966215,2266315,9545902.0,9729148.0
Non-Grain Products,2009,6,Sugar and syrups,69563483,81016162,423322455.0,489843186.0
Non-Grain Products,2009,6,Hops (dry),6854083,7373780,32359017.0,34132371.0
Non-Grain Products,2009,6,Hops (used as extracts),381321,513130,2273531.0,3856399.0
Non-Grain Products,2009,6,Other,6216613,2623660,28284401.0,10743767.0
Grain Products,2009,7,Malt and malt products,382672919,404594120,2662446464.0,2751067858.0
Grain Products,2009,7,Corn and corn products,68510353,66377521,450993766.0,435367176.0
Grain Products,2009,7,Rice and rice products,63277242,75689964,445884529.0,509703400.0
Grain Products,2009,7,Barley and barley products,4185235,3393374,33131330.0,33405477.0
Grain Products,2009,7,Wheat and wheat products,1475523,1371856,11212754.0,11101504.0
Non-Grain Products,2009,7,Sugar and syrups,64776817,76786623,488127572.0,566629809.0
Non-Grain Products,2009,7,Hops (dry),7309199,1753906,39704504.0,35887416.0
Non-Grain Products,2009,7,Hops (used as extracts),359130,508794,2632661.0,4365193.0
Non-Grain Products,2009,7,Other,13368693,1438031,54137202.0,12181798.0
Grain Products,2009,8,Malt and malt products,362521445,389410506,3024967909.0,3140478364.0
Grain Products,2009,8,Corn and corn products,57684547,64953210,508678313.0,500320386.0
Grain Products,2009,8,Rice and rice products,61417028,71799926,507301557.0,581503326.0
Grain Products,2009,8,Barley and barley products,3789027,3778286,36920357.0,37183763.0
Grain Products,2009,8,Wheat and wheat products,1298648,1588068,12511402.0,12689572.0
Non-Grain Products,2009,8,Sugar and syrups,61354833,83984025,549482405.0,650613834.0
Non-Grain Products,2009,8,Hops (dry),5393471,5992208,45097975.0,41879624.0
Non-Grain Products,2009,8,Hops (used as extracts),322875,377424,2955536.0,4742617.0
Non-Grain Products,2009,8,Other,10315854,1671801,64453056.0,13853599.0
Grain Products,2009,9,Malt and malt products,370369895,363334515,3396959380.0,3503862422.0
Grain Products,2009,9,Corn and corn products,54632420,59787530,557256127.0,560107916.0
Grain Products,2009,9,Rice and rice products,57686245,62013175,565528750.0,643518905.0
Grain Products,2009,9,Barley and barley products,8106300,8479049,45463026.0,45662812.0
Grain Products,2009,9,Wheat and wheat products,1934968,1880028,14532590.0,14569600.0
Non-Grain Products,2009,9,Sugar and syrups,50025197,68092555,599584438.0,718707826.0
Non-Grain Products,2009,9,Hops (dry),5216389,3807149,51892616.0,45687282.0
Non-Grain Products,2009,9,Hops (used as extracts),305344,338019,3264706.0,5081526.0
Non-Grain Products,2009,9,Other,11250446,1732849,75834659.0,15586465.0
Grain Products,2009,10,Malt and malt products,333286901,353743807,3731548182.0,3857595976.0
Grain Products,2009,10,Corn and corn products,55590153,63047343,612846280.0,623155259.0
Grain Products,2009,10,Rice and rice products,55167784,59408025,620696534.0,702926930.0
Grain Products,2009,10,Barley and barley products,3615556,3209706,49428647.0,48872518.0
Grain Products,2009,10,Wheat and wheat products,1025133,1431903,15569364.0,16001503.0
Non-Grain Products,2009,10,Sugar and syrups,47840939,42888353,647426679.0,761596179.0
Non-Grain Products,2009,10,Hops (dry),1326445,3775472,53227307.0,49463068.0
Non-Grain Products,2009,10,Hops (used as extracts),302264,337194,3566970.0,5418406.0
Non-Grain Products,2009,10,Other,8944515,1568431,84768249.0,17154896.0
Grain Products,2009,11,Malt and malt products,309688888,322745041,4043461219.0,4180363274.0
Grain Products,2009,11,Corn and corn products,47018983,53628776,659865353.0,676784555.0
Grain Products,2009,11,Rice and rice products,50460060,54641934,671893628.0,757569966.0
Grain Products,2009,11,Barley and barley products,3374449,3308406,53652072.0,52186914.0
Grain Products,2009,11,Wheat and wheat products,1116613,959328,16822657.0,16962353.0
Non-Grain Products,2009,11,Sugar and syrups,44926666,44057218,692382199.0,805653683.0
Non-Grain Products,2009,11,Hops (dry),4442654,3898068,57737734.0,53361520.0
Non-Grain Products,2009,11,Hops (used as extracts),289240,329820,3856410.0,5748226.0
Non-Grain Products,2009,11,Other,9915569,1249150,94958272.0,18422139.0
Grain Products,2009,12,Malt and malt products,302237874,320419845,4345699093.0,4500783119.0
Grain Products,2009,12,Corn and corn products,45851254,49920086,705716607.0,726704641.0
Grain Products,2009,12,Rice and rice products,51919861,62442510,723813489.0,820016177.0
Grain Products,2009,12,Barley and barley products,7271474,6402978,60923546.0,58589892.0
Grain Products,2009,12,Wheat and wheat products,1851868,1425858,18674525.0,18388211.0
Non-Grain Products,2009,12,Sugar and syrups,39077880,39033948,731460079.0,844687631.0
Non-Grain Products,2009,12,Hops (dry),3887961,1616474,61625695.0,54977994.0
Non-Grain Products,2009,12,Hops (used as extracts),260877,272970,4117287.0,6021196.0
Non-Grain Products,2009,12,Other,8051559,1663664,103009831.0,20085803.0
Grain Products,2010,1,Malt and malt products,330304432,361377478,330304432.0,361377478.0
Grain Products,2010,1,Corn and corn products,56705162,63115693,56705162.0,63115693.0
Grain Products,2010,1,Rice and rice products,59701345,59961083,59701345.0,59961083.0
Grain Products,2010,1,Barley and barley products,3668374,2169601,3668374.0,2169601.0
Grain Products,2010,1,Wheat and wheat products,1409685,873714,1409685.0,873714.0
Non-Grain Products,2010,1,Sugar and syrups,47308358,67834569,47308358.0,67834569.0
Non-Grain Products,2010,1,Hops (dry),4765924,1461121,4765924.0,1461121.0
Non-Grain Products,2010,1,Hops (used as extracts),271405,324497,271405.0,324497.0
Non-Grain Products,2010,1,Other,10537742,1424001,10537742.0,1424001.0
Grain Products,2010,2,Malt and malt products,305543380,339472713,635898552.0,700856291.0
Grain Products,2010,2,Corn and corn products,54486996,60966715,111192158.0,124082408.0
Grain Products,2010,2,Rice and rice products,55198940,60150183,114900285.0,120111266.0
Grain Products,2010,2,Barley and barley products,3726630,3334476,7395772.0,5504077.0
Grain Products,2010,2,Wheat and wheat products,1683401,1142813,3097736.0,2016527.0
Non-Grain Products,2010,2,Sugar and syrups,46718854,69375203,94027212.0,137209772.0
Non-Grain Products,2010,2,Hops (dry),4899463,4601598,9666186.0,6062839.0
Non-Grain Products,2010,2,Hops (used as extracts),268589,345975,539994.0,670472.0
Non-Grain Products,2010,2,Other,9022834,939857,19560576.0,2363858.0
Grain Products,2010,3,Malt and malt products,366733254,380133298,1002631806.0,1080736584.0
Grain Products,2010,3,Corn and corn products,60991969,66543131,172184127.0,190625839.0
Grain Products,2010,3,Rice and rice products,59991160,64006735,174893727.0,184963333.0
Grain Products,2010,3,Barley and barley products,10220654,7094005,18078778.0,13145280.0
Grain Products,2010,3,Wheat and wheat products,2762670,2175247,5938978.0,4210721.0
Non-Grain Products,2010,3,Sugar and syrups,61007512,70030415,155034724.0,207294067.0
Non-Grain Products,2010,3,Hops (dry),7932387,6787391,17604871.0,12853191.0
Non-Grain Products,2010,3,Hops (used as extracts),320406,382897,860400.0,1053577.0
Non-Grain Products,2010,3,Other,11678127,6604657,31238829.0,8974660.0
Grain Products,2010,4,Malt and malt products,374018118,384396702,1376649924.0,1465133286.0
Grain Products,2010,4,Corn and corn products,61273430,67266636,233457557.0,257892475.0
Grain Products,2010,4,Rice and rice products,59803024,63166930,234696751.0,248130263.0
Grain Products,2010,4,Barley and barley products,5030962,3349556,23109740.0,16494836.0
Grain Products,2010,4,Wheat and wheat products,2247616,1569606,8186594.0,5780327.0
Non-Grain Products,2010,4,Sugar and syrups,73040421,71341108,228075145.0,278635175.0
Non-Grain Products,2010,4,Hops (dry),8240399,5574889,25845270.0,18428080.0
Non-Grain Products,2010,4,Hops (used as extracts),456519,388369,1316919.0,1441946.0
Non-Grain Products,2010,4,Other,11213037,6169478,42451866.0,15144138.0
Grain Products,2010,5,Malt and malt products,399504457,391469434,1776283019.0,1856668052.0
Grain Products,2010,5,Corn and corn products,62684555,62481084,296142112.0,320373559.0
Grain Products,2010,5,Rice and rice products,69284131,67120251,303980882.0,315250514.0
Grain Products,2010,5,Barley and barley products,4903020,3684818,28012760.0,20180000.0
Grain Products,2010,5,Wheat and wheat products,2264521,1712205,10455915.0,7492532.0
Non-Grain Products,2010,5,Sugar and syrups,76115769,75011893,304191444.0,353647068.0
Non-Grain Products,2010,5,Hops (dry),9080801,7051829,34927873.0,25480154.0
Non-Grain Products,2010,5,Hops (used as extracts),396737,450264,1713656.0,1892210.0
Non-Grain Products,2010,5,Other,11525375,6915331,53977391.0,22059123.0
Grain Products,2010,6,Malt and malt products,380521275,381247341,2156804294.0,2242117420.0
Grain Products,2010,6,Corn and corn products,60811086,62107546,356953198.0,382481467.0
Grain Products,2010,6,Rice and rice products,66627541,64576127,370610846.0,381522344.0
Grain Products,2010,6,Barley and barley products,11280602,8146509,39293362.0,28472349.0
Grain Products,2010,6,Wheat and wheat products,2896874,1966215,13352789.0,9545902.0
Non-Grain Products,2010,6,Sugar and syrups,67266337,69563483,371457781.0,423322455.0
Non-Grain Products,2010,6,Hops (dry),10418215,6854083,45346088.0,32359017.0
Non-Grain Products,2010,6,Hops (used as extracts),355258,381321,2068914.0,2273531.0
Non-Grain Products,2010,6,Other,12877498,6216613,66854889.0,28284401.0
Grain Products,2010,7,Malt and malt products,384726834,382672919,2541632782.0,2662446464.0
Grain Products,2010,7,Corn and corn products,58694301,68510353,415647499.0,450993766.0
Grain Products,2010,7,Rice and rice products,68031711,63277242,438778557.0,445884529.0
Grain Products,2010,7,Barley and barley products,5224206,4185235,44518051.0,33131330.0
Grain Products,2010,7,Wheat and wheat products,1628102,1475523,14982132.0,11212754.0
Non-Grain Products,2010,7,Sugar and syrups,76584550,64776817,448042331.0,488127572.0
Non-Grain Products,2010,7,Hops (dry),8297261,7309199,53664131.0,39704504.0
Non-Grain Products,2010,7,Hops (used as extracts),369505,359130,2438419.0,2632661.0
Non-Grain Products,2010,7,Other,13378852,13368693,80233741.0,54137202.0
Grain Products,2010,8,Malt and malt products,358726926,362521445,2900309187.0,3024967909.0
Grain Products,2010,8,Corn and corn products,60424525,57684547,476073574.0,508678313.0
Grain Products,2010,8,Rice and rice products,63192375,61417028,501970932.0,507301557.0
Grain Products,2010,8,Barley and barley products,5276045,3789027,49971697.0,36920357.0
Grain Products,2010,8,Wheat and wheat products,1379102,1298648,16376834.0,12511402.0
Non-Grain Products,2010,8,Sugar and syrups,75815015,61354833,523858114.0,549482405.0
Non-Grain Products,2010,8,Hops (dry),7272871,5393471,60938386.0,45097975.0
Non-Grain Products,2010,8,Hops (used as extracts),718808,322875,3157284.0,2955536.0
Non-Grain Products,2010,8,Other,9572674,10315854,89808240.0,64453056.0
Grain Products,2010,9,Malt and malt products,329671455,370369895,3230062247.0,3396959380.0
Grain Products,2010,9,Corn and corn products,77399155,54632420,553472829.0,557256127.0
Grain Products,2010,9,Rice and rice products,54884345,57686245,556857888.0,565528750.0
Grain Products,2010,9,Barley and barley products,14107767,8106300,64085240.0,45463026.0
Grain Products,2010,9,Wheat and wheat products,2150923,1934968,18530387.0,14532590.0
Non-Grain Products,2010,9,Sugar and syrups,69053125,50025197,592912039.0,599584438.0
Non-Grain Products,2010,9,Hops (dry),6437916,5216389,67378784.0,51892616.0
Non-Grain Products,2010,9,Hops (used as extracts),300116,305344,3457400.0,3264706.0
Non-Grain Products,2010,9,Other,9180751,11250446,98989156.0,75834659.0
Grain Products,2010,10,Malt and malt products,333230020,333286901,3563292267.0,3731548182.0
Grain Products,2010,10,Corn and corn products,51427974,55590153,604900803.0,612846280.0
Grain Products,2010,10,Rice and rice products,55450803,55167784,612308691.0,620696534.0
Grain Products,2010,10,Barley and barley products,6203762,3615556,70289002.0,49428647.0
Grain Products,2010,10,Wheat and wheat products,1053279,1025133,19583666.0,15569364.0
Non-Grain Products,2010,10,Sugar and syrups,67265699,47840939,660177738.0,647426679.0
Non-Grain Products,2010,10,Hops (dry),9244763,1326445,76623547.0,53227307.0
Non-Grain Products,2010,10,Hops (used as extracts),293914,302264,3751314.0,3566970.0
Non-Grain Products,2010,10,Other,8888902,8944515,107878058.0,84768249.0
Grain Products,2010,11,Malt and malt products,298251207,309688888,3861508317.0,4043461219.0
Grain Products,2010,11,Corn and corn products,47348859,47018983,652254266.0,659865353.0
Grain Products,2010,11,Rice and rice products,53779401,50460060,666087792.0,671893628.0
Grain Products,2010,11,Barley and barley products,5235825,3374449,75533654.0,53652072.0
Grain Products,2010,11,Wheat and wheat products,1097679,1116613,20682123.0,16822657.0
Non-Grain Products,2010,11,Sugar and syrups,59184495,44926666,719362563.0,692382199.0
Non-Grain Products,2010,11,Hops (dry),7727370,4442654,84351150.0,57737734.0
Non-Grain Products,2010,11,Hops (used as extracts),281893,289240,4033338.0,3856410.0
Non-Grain Products,2010,11,Other,9117383,9915569,116995511.0,94958272.0
Grain Products,2010,12,Malt and malt products,285382073,302237874,4147040380.0,4345699093.0
Grain Products,2010,12,Corn and corn products,48503335,45851254,700757601.0,705716607.0
Grain Products,2010,12,Rice and rice products,47504543,51919861,713595821.0,723813489.0
Grain Products,2010,12,Barley and barley products,12815197,7271474,88354008.0,60923546.0
Grain Products,2010,12,Wheat and wheat products,1588739,1851868,22279062.0,18674525.0
Non-Grain Products,2010,12,Sugar and syrups,49709103,39077880,769088843.0,731460079.0
Non-Grain Products,2010,12,Hops (dry),6540100,3887961,90902672.0,61625695.0
Non-Grain Products,2010,12,Hops (used as extracts),255382,260877,4288750.0,4117287.0
Non-Grain Products,2010,12,Other,8217736,8051559,125562163.0,103009831.0
Grain Products,2011,1,Malt and malt products,322480722,330304432,322480722.0,330304432.0
Grain Products,2011,1,Corn and corn products,58632672,56705162,58632672.0,56705162.0
Grain Products,2011,1,Rice and rice products,108112318,59701345,108112318.0,59701345.0
Grain Products,2011,1,Barley and barley products,4705175,3668374,4705175.0,3668374.0
Grain Products,2011,1,Wheat and wheat products,1210137,1409685,1210137.0,1409685.0
Non-Grain Products,2011,1,Sugar and syrups,73793509,47308358,73793509.0,47308358.0
Non-Grain Products,2011,1,Hops (dry),6059066,4765924,6059066.0,4765924.0
Non-Grain Products,2011,1,Hops (used as extracts),296605,271405,296605.0,271405.0
Non-Grain Products,2011,1,Other,7972930,10537742,7972930.0,10537742.0
Grain Products,2011,2,Malt and malt products,307076591,305543380,629878499.0,635898552.0
Grain Products,2011,2,Corn and corn products,53981943,54486996,112614617.0,111192158.0
Grain Products,2011,2,Rice and rice products,54287863,55198940,162857353.0,114900285.0
Grain Products,2011,2,Barley and barley products,4322047,3726630,9037725.0,7395772.0
Grain Products,2011,2,Wheat and wheat products,955671,1683401,2166958.0,3097736.0
Non-Grain Products,2011,2,Sugar and syrups,63374850,46718854,137168398.0,94027212.0
Non-Grain Products,2011,2,Hops (dry),7617974,4899463,13680934.0,9666186.0
Non-Grain Products,2011,2,Hops (used as extracts),275963,268589,572584.0,539994.0
Non-Grain Products,2011,2,Other,7997916,9022834,15971404.0,19560576.0
Grain Products,2011,3,Malt and malt products,363234183,366733254,993661998.0,1002631806.0
Grain Products,2011,3,Corn and corn products,61094976,60991969,173729653.0,172184127.0
Grain Products,2011,3,Rice and rice products,62041512,59991160,224908567.0,174893727.0
Grain Products,2011,3,Barley and barley products,11614373,10220654,20780427.0,18078778.0
Grain Products,2011,3,Wheat and wheat products,5019351,2762670,7187604.0,5938978.0
Non-Grain Products,2011,3,Sugar and syrups,74925793,61007512,212105554.0,155034724.0
Non-Grain Products,2011,3,Hops (dry),10736471,7932387,24423226.0,17604871.0
Non-Grain Products,2011,3,Hops (used as extracts),350949,320406,923533.0,860400.0
Non-Grain Products,2011,3,Other,10489641,11678127,26481471.0,31238829.0
Grain Products,2011,4,Malt and malt products,349781343,374018118,1343443341.0,1376649924.0
Grain Products,2011,4,Corn and corn products,58628353,61273430,232358006.0,233457557.0
Grain Products,2011,4,Rice and rice products,53392697,59803024,278301264.0,234696751.0
Grain Products,2011,4,Barley and barley products,4768751,5030962,25549178.0,23109740.0
Grain Products,2011,4,Wheat and wheat products,1816659,2247616,9004263.0,8186594.0
Non-Grain Products,2011,4,Sugar and syrups,68297327,73040421,280402881.0,228075145.0
Non-Grain Products,2011,4,Hops (dry),9942341,8240399,34365567.0,25845270.0
Non-Grain Products,2011,4,Hops (used as extracts),330339,456519,1253872.0,1316919.0
Non-Grain Products,2011,4,Other,10127397,11213037,36608868.0,42451866.0
Grain Products,2011,5,Malt and malt products,352623620,399504457,1697746189.0,1776283019.0
Grain Products,2011,5,Corn and corn products,50573951,62684555,282931982.0,296142112.0
Grain Products,2011,5,Rice and rice products,62118962,69284131,340420276.0,303980882.0
Grain Products,2011,5,Barley and barley products,5564462,4903020,31323312.0,28012760.0
Grain Products,2011,5,Wheat and wheat products,1721632,2264521,10756446.0,10455915.0
Non-Grain Products,2011,5,Sugar and syrups,66314234,76115769,346726296.0,304191444.0
Non-Grain Products,2011,5,Hops (dry),10076039,9080801,44467742.0,34927873.0
Non-Grain Products,2011,5,Hops (used as extracts),438895,396737,1699181.0,1713656.0
Non-Grain Products,2011,5,Other,10565868,11525375,47297694.0,53977391.0
Grain Products,2011,6,Malt and malt products,372541998,380521275,2071295858.0,2156804294.0
Grain Products,2011,6,Corn and corn products,49399750,60811086,332332032.0,356953198.0
Grain Products,2011,6,Rice and rice products,69701464,66627541,410453892.0,370610846.0
Grain Products,2011,6,Barley and barley products,10363329,11280602,42085597.0,39293362.0
Grain Products,2011,6,Wheat and wheat products,2305971,2896874,13092158.0,13352789.0
Non-Grain Products,2011,6,Sugar and syrups,67178952,67266337,413899400.0,371457781.0
Non-Grain Products,2011,6,Hops (dry),10603566,10418215,55168523.0,45346088.0
Non-Grain Products,2011,6,Hops (used as extracts),338467,355258,2038458.0,2068914.0
Non-Grain Products,2011,6,Other,11982901,12877498,59314575.0,66854889.0
Grain Products,2011,7,Malt and malt products,350751002,384726834,2424169705.0,2541632782.0
Grain Products,2011,7,Corn and corn products,47864835,58694301,380216079.0,415647499.0
Grain Products,2011,7,Rice and rice products,69787950,68031711,480241892.0,438778557.0
Grain Products,2011,7,Barley and barley products,6014579,5224206,50818308.0,44518051.0
Grain Products,2011,7,Wheat and wheat products,1523087,1628102,14720613.0,14982132.0
Non-Grain Products,2011,7,Sugar and syrups,62190400,76584550,476106844.0,448042331.0
Non-Grain Products,2011,7,Hops (dry),9514024,8297261,64788024.0,53664131.0
Non-Grain Products,2011,7,Hops (used as extracts),333313,369505,2372160.0,2438419.0
Non-Grain Products,2011,7,Other,9659056,13378852,69709603.0,80233741.0
Grain Products,2011,8,Malt and malt products,361924350,358726926,2787085795.0,2900309187.0
Grain Products,2011,8,Corn and corn products,49085339,60424525,429301155.0,476073574.0
Grain Products,2011,8,Rice and rice products,72428017,63192375,552680384.0,501970932.0
Grain Products,2011,8,Barley and barley products,6775228,5276045,58323557.0,49971697.0
Grain Products,2011,8,Wheat and wheat products,1749667,1379102,16528285.0,16376834.0
Non-Grain Products,2011,8,Sugar and syrups,60003874,75815015,536119262.0,523858114.0
Non-Grain Products,2011,8,Hops (dry),7575266,7272871,72380105.0,60938386.0
Non-Grain Products,2011,8,Hops (used as extracts),324190,718808,2696353.0,3157284.0
Non-Grain Products,2011,8,Other,9175477,9572674,79042512.0,89808240.0
Grain Products,2011,9,Malt and malt products,312845217,329671455,3107159382.0,3230062247.0
Grain Products,2011,9,Corn and corn products,47180399,77399155,476614073.0,553472829.0
Grain Products,2011,9,Rice and rice products,55188865,54884345,607871709.0,556857888.0
Grain Products,2011,9,Barley and barley products,32343039,14107767,92330824.0,64085240.0
Grain Products,2011,9,Wheat and wheat products,2260859,2150923,18963972.0,18530387.0
Non-Grain Products,2011,9,Sugar and syrups,61317581,69053125,598050404.0,592912039.0
Non-Grain Products,2011,9,Hops (dry),7462299,6437916,79901872.0,67378784.0
Non-Grain Products,2011,9,Hops (used as extracts),298977,300116,2995436.0,3457400.0
Non-Grain Products,2011,9,Other,10334415,9180751,90288463.0,98989156.0
Grain Products,2011,10,Malt and malt products,313380880,333230020,3420540262.0,3563292267.0
Grain Products,2011,10,Corn and corn products,48090884,51427974,524704957.0,604900803.0
Grain Products,2011,10,Rice and rice products,50132872,55450803,658004581.0,612308691.0
Grain Products,2011,10,Barley and barley products,6773403,6203762,99104227.0,70289002.0
Grain Products,2011,10,Wheat and wheat products,1555618,1053279,20519590.0,19583666.0
Non-Grain Products,2011,10,Sugar and syrups,65478836,67265699,663529240.0,660177738.0
Non-Grain Products,2011,10,Hops (dry),7238838,9244763,87140710.0,76623547.0
Non-Grain Products,2011,10,Hops (used as extracts),306588,293914,3302024.0,3751314.0
Non-Grain Products,2011,10,Other,9544745,8888902,99833208.0,107878058.0
Grain Products,2011,11,Malt and malt products,303152329,298251207,3725087716.0,3861508317.0
Grain Products,2011,11,Corn and corn products,53879230,47348859,578634062.0,652254266.0
Grain Products,2011,11,Rice and rice products,43496310,53779401,701501477.0,666087792.0
Grain Products,2011,11,Barley and barley products,5909830,5235825,110447469.0,75533654.0
Grain Products,2011,11,Wheat and wheat products,1297888,1097679,22221291.0,20682123.0
Non-Grain Products,2011,11,Sugar and syrups,55627592,59184495,719192663.0,719362563.0
Non-Grain Products,2011,11,Hops (dry),8455615,7727370,95677718.0,84351150.0
Non-Grain Products,2011,11,Hops (used as extracts),290356,281893,3592971.0,4033338.0
Non-Grain Products,2011,11,Other,8504780,9117383,108413304.0,116995511.0
Grain Products,2011,12,Malt and malt products,293640890,285382073,4021632730.0,4147040380.0
Grain Products,2011,12,Corn and corn products,50507994,48503335,629143328.0,700757601.0
Grain Products,2011,12,Rice and rice products,46841203,47504543,748353836.0,713595821.0
Grain Products,2011,12,Barley and barley products,11793946,12815197,123144856.0,88354008.0
Grain Products,2011,12,Wheat and wheat products,1612682,1588739,23849805.0,22279062.0
Non-Grain Products,2011,12,Sugar and syrups,52413557,49709103,771622081.0,769088843.0
Non-Grain Products,2011,12,Hops (dry),11606511,6540100,107566361.0,90902672.0
Non-Grain Products,2011,12,Hops (used as extracts),238892,255382,3831826.0,4288750.0
Non-Grain Products,2011,12,Other,8090886,8217736,116335663.0,125562163.0
Grain Products,2012,1,Malt and malt products,315214803,323332497,315214803.0,323332497.0
Grain Products,2012,1,Corn and corn products,61859978,58875604,61859978.0,58875604.0
Grain Products,2012,1,Rice and rice products,63568058,108570592,63568058.0,108570592.0
Grain Products,2012,1,Barley and barley products,5391781,5265988,5391781.0,5265988.0
Grain Products,2012,1,Wheat and wheat products,1319508,1232206,1319508.0,1232206.0
Non-Grain Products,2012,1,Sugar and syrups,62988309,73785535,62988309.0,73785535.0
Non-Grain Products,2012,1,Hops (dry),9562820,6073312,9562820.0,6073312.0
Non-Grain Products,2012,1,Hops (used as extracts),293488,296621,293488.0,296621.0
Non-Grain Products,2012,1,Other,8994300,8177092,8994300.0,8177092.0
Grain Products,2012,2,Malt and malt products,320430694,307475210,636820934.0,630807707.0
Grain Products,2012,2,Corn and corn products,62631394,54002003,124491372.0,112877607.0
Grain Products,2012,2,Rice and rice products,54333308,54297565,117901366.0,162868157.0
Grain Products,2012,2,Barley and barley products,5493934,4869495,10926305.0,10155113.0
Grain Products,2012,2,Wheat and wheat products,1358318,998978,2680046.0,2231289.0
Non-Grain Products,2012,2,Sugar and syrups,65344809,63397161,128336218.0,137182696.0
Non-Grain Products,2012,2,Hops (dry),1366949,7629811,10951851.0,13703338.0
Non-Grain Products,2012,2,Hops (used as extracts),361152,275916,654640.0,572537.0
Non-Grain Products,2012,2,Other,7134068,8143346,16235753.0,16320438.0
Grain Products,2012,3,Malt and malt products,366122047,365470822,1009578654.0,996278529.0
Grain Products,2012,3,Corn and corn products,62376094,60979980,186867466.0,173857587.0
Grain Products,2012,3,Rice and rice products,59022797,62043120,176982238.0,224914647.0
Grain Products,2012,3,Barley and barley products,15647530,13007288,27337434.0,23162401.0
Grain Products,2012,3,Wheat and wheat products,2817135,5156353,5551157.0,7387642.0
Non-Grain Products,2012,3,Sugar and syrups,79859286,75535061,208502522.0,212717757.0
Non-Grain Products,2012,3,Hops (dry),10288665,10797329,21369040.0,24500667.0
Non-Grain Products,2012,3,Hops (used as extracts),335010,358304,990107.0,930841.0
Non-Grain Products,2012,3,Other,11713920,10781726,28047171.0,27102164.0
Grain Products,2012,4,Malt and malt products,357106000,350632291,1371811277.0,1347043418.0
Grain Products,2012,4,Corn and corn products,61313630,58634343,248184524.0,232491930.0
Grain Products,2012,4,Rice and rice products,57264320,53392697,234475024.0,278307344.0
Grain Products,2012,4,Barley and barley products,7634002,6176978,35997170.0,29387059.0
Grain Products,2012,4,Wheat and wheat products,2001345,1892923,7697704.0,9563612.0
Non-Grain Products,2012,4,Sugar and syrups,82481856,68304781,292062517.0,281027866.0
Non-Grain Products,2012,4,Hops (dry),11641934,9995292,33123667.0,34498385.0
Non-Grain Products,2012,4,Hops (used as extracts),338454,330339,1329131.0,1261180.0
Non-Grain Products,2012,4,Other,9872076,10332065,37195769.0,37426741.0
Grain Products,2012,5,Malt and malt products,373071360,353100730,1744882637.0,1700144148.0
Grain Products,2012,5,Corn and corn products,66220273,50574451,314404797.0,283066381.0
Grain Products,2012,5,Rice and rice products,61702673,62449812,296177697.0,340757156.0
Grain Products,2012,5,Barley and barley products,7116069,6393541,43113239.0,35780600.0
Grain Products,2012,5,Wheat and wheat products,2141313,1784974,9839017.0,11348586.0
Non-Grain Products,2012,5,Sugar and syrups,87785168,66296984,379847685.0,347324850.0
Non-Grain Products,2012,5,Hops (dry),12583340,10156488,45707007.0,44654873.0
Non-Grain Products,2012,5,Hops (used as extracts),346461,438895,1675592.0,1700075.0
Non-Grain Products,2012,5,Other,10260031,10803617,47455800.0,48230358.0
Grain Products,2012,6,Malt and malt products,387306474,382627845,2132189111.0,2082771993.0
Grain Products,2012,6,Corn and corn products,63113188,49417181,377517985.0,332483562.0
Grain Products,2012,6,Rice and rice products,59527958,69708002,355705655.0,410468391.0
Grain Products,2012,6,Barley and barley products,17104839,14997119,60218078.0,50777719.0
Grain Products,2012,6,Wheat and wheat products,2947584,2654541,12786601.0,14003127.0
Non-Grain Products,2012,6,Sugar and syrups,89443470,67274820,469291155.0,414599670.0
Non-Grain Products,2012,6,Hops (dry),12720422,10758127,58427429.0,55413000.0
Non-Grain Products,2012,6,Hops (used as extracts),474060,339374,2149652.0,2039449.0
Non-Grain Products,2012,6,Other,11784212,12455007,59240012.0,60685365.0
Grain Products,2012,7,Malt and malt products,363222892,351467408,2495455374.0,2434239401.0
Grain Products,2012,7,Corn and corn products,62878256,47894955,440396241.0,380378517.0
Grain Products,2012,7,Rice and rice products,60381322,69787386,416387427.0,480255777.0
Grain Products,2012,7,Barley and barley products,9486054,6744178,69704132.0,57521897.0
Grain Products,2012,7,Wheat and wheat products,2062199,1571775,14848800.0,15574902.0
Non-Grain Products,2012,7,Sugar and syrups,92543919,62189365,561835567.0,476789035.0
Non-Grain Products,2012,7,Hops (dry),12188084,9636063,70616140.0,65049063.0
Non-Grain Products,2012,7,Hops (used as extracts),391852,333300,2541504.0,2372749.0
Non-Grain Products,2012,7,Other,10558223,9961526,69802320.0,70646891.0
Grain Products,2012,8,Malt and malt products,362799587,363072250,2861516025.0,2797402418.0
Grain Products,2012,8,Corn and corn products,53320491,49105904,493716582.0,429484421.0
Grain Products,2012,8,Rice and rice products,65214228,72428017,481602155.0,552683794.0
Grain Products,2012,8,Barley and barley products,8622164,7610778,78447311.0,65132675.0
Grain Products,2012,8,Wheat and wheat products,2286719,1690506,17167694.0,17265408.0
Non-Grain Products,2012,8,Sugar and syrups,77156577,60020743,638996528.0,536809778.0
Non-Grain Products,2012,8,Hops (dry),10374025,7609273,81031064.0,72660073.0
Non-Grain Products,2012,8,Hops (used as extracts),472469,324174,3013973.0,2696923.0
Non-Grain Products,2012,8,Other,10626133,9426213,80434301.0,80073104.0
Grain Products,2012,9,Malt and malt products,336789908,316174474,3198706275.0,3113790323.0
Grain Products,2012,9,Corn and corn products,50320517,47184013,544038171.0,476668434.0
Grain Products,2012,9,Rice and rice products,62119884,55199197,543722039.0,607885884.0
Grain Products,2012,9,Barley and barley products,16834020,34557083,95632721.0,99689758.0
Grain Products,2012,9,Wheat and wheat products,2676324,2397458,19871889.0,19665916.0
Non-Grain Products,2012,9,Sugar and syrups,65251144,61369571,704250177.0,598179633.0
Non-Grain Products,2012,9,Hops (dry),10180667,7645101,91226983.0,80307376.0
Non-Grain Products,2012,9,Hops (used as extracts),301893,299612,3315866.0,2996535.0
Non-Grain Products,2012,9,Other,11155361,10127576,91721051.0,90200730.0
Grain Products,2012,10,Malt and malt products,321542825,313742612,3510158822.0,3427666793.0
Grain Products,2012,10,Corn and corn products,50852126,48091550,591761974.0,524759984.0
Grain Products,2012,10,Rice and rice products,59885904,50351803,603837897.0,658237709.0
Grain Products,2012,10,Barley and barley products,9353404,7733859,105883583.0,107427284.0
Grain Products,2012,10,Wheat and wheat products,1762481,1542572,21677425.0,21210564.0
Non-Grain Products,2012,10,Sugar and syrups,70185532,65484823,769380701.0,663664645.0
Non-Grain Products,2012,10,Hops (dry),9505007,7269967,100770829.0,87578226.0
Non-Grain Products,2012,10,Hops (used as extracts),309173,306580,3621699.0,3303115.0
Non-Grain Products,2012,10,Other,10274692,9706496,102099596.0,99959413.0
Grain Products,2012,11,Malt and malt products,295672895,303863556,3806333537.0,3731543767.0
Grain Products,2012,11,Corn and corn products,44981825,53879230,636743799.0,578639214.0
Grain Products,2012,11,Rice and rice products,61082730,43496310,664921077.0,701734019.0
Grain Products,2012,11,Barley and barley products,7563555,6071240,113988430.0,113498524.0
Grain Products,2012,11,Wheat and wheat products,1709859,1301413,23461660.0,22511977.0
Non-Grain Products,2012,11,Sugar and syrups,64916501,55693438,834319750.0,719358083.0
Non-Grain Products,2012,11,Hops (dry),10621547,8468114,111411157.0,96047060.0
Non-Grain Products,2012,11,Hops (used as extracts),303256,290356,3925112.0,3593471.0
Non-Grain Products,2012,11,Other,9681814,8545030,111831223.0,108658331.0
Grain Products,2012,12,Malt and malt products,299861553,296947972,4106758575.0,4028492092.0
Grain Products,2012,12,Corn and corn products,43809820,50510647,680554131.0,629149861.0
Grain Products,2012,12,Rice and rice products,51883289,46842712,716807617.0,748578581.0
Grain Products,2012,12,Barley and barley products,14176754,14327681,128649934.0,127832365.0
Grain Products,2012,12,Wheat and wheat products,1789996,1825143,25287736.0,24337120.0
Non-Grain Products,2012,12,Sugar and syrups,59586860,52502259,893916021.0,771860342.0
Non-Grain Products,2012,12,Hops (dry),7808600,11679476,119240171.0,107726628.0
Non-Grain Products,2012,12,Hops (used as extracts),293877,238912,4219099.0,3832383.0
Non-Grain Products,2012,12,Other,9358030,8397688,121203365.0,117056019.0
Grain Products,2013,1,Malt and malt products,326450615,322367885,326450615.0,322367885.0
Grain Products,2013,1,Corn and corn products,50597106,61859978,50597106.0,61859978.0
Grain Products,2013,1,Rice and rice products,62177066,63568058,62177066.0,63568058.0
Grain Products,2013,1,Barley and barley products,7749970,5830442,7749970.0,5830442.0
Grain Products,2013,1,Wheat and wheat products,1537526,1345768,1537526.0,1345768.0
Non-Grain Products,2013,1,Sugar and syrups,72878590,63306838,72878590.0,63306838.0
Non-Grain Products,2013,1,Hops (dry),9164708,9657602,9164708.0,9657602.0
Non-Grain Products,2013,1,Hops (used as extracts),323285,293488,323285.0,293488.0
Non-Grain Products,2013,1,Other,10673797,9176359,10673797.0,9176359.0
Grain Products,2013,2,Malt and malt products,311283986,323703710,637743284.0,646071595.0
Grain Products,2013,2,Corn and corn products,46499056,62631394,97096162.0,124491372.0
Grain Products,2013,2,Rice and rice products,61926310,54391383,124103376.0,117959441.0
Grain Products,2013,2,Barley and barley products,7486134,6060620,15629894.0,11891062.0
Grain Products,2013,2,Wheat and wheat products,1823446,1422257,3361027.0,2768025.0
Non-Grain Products,2013,2,Sugar and syrups,71244280,65774233,144122870.0,129081071.0
Non-Grain Products,2013,2,Hops (dry),9456485,1464601,18624716.0,11122203.0
Non-Grain Products,2013,2,Hops (used as extracts),324126,361917,647411.0,655405.0
Non-Grain Products,2013,2,Other,9279419,7170348,19953316.0,16346707.0
Grain Products,2013,3,Malt and malt products,340319408,369980511,978521908.0,1016074881.0
Grain Products,2013,3,Corn and corn products,47314812,62379904,144443324.0,186877176.0
Grain Products,2013,3,Rice and rice products,62869950,59250359,187206449.0,177211213.0
Grain Products,2013,3,Barley and barley products,15469983,16967432,31115345.0,28858494.0
Grain Products,2013,3,Wheat and wheat products,2721578,2947590,6118304.0,5715615.0
Non-Grain Products,2013,3,Sugar and syrups,85703037,80530575,229846046.0,209611646.0
Non-Grain Products,2013,3,Hops (dry),9754327,10388838,28393760.0,21511041.0
Non-Grain Products,2013,3,Hops (used as extracts),372356,335457,1020346.0,990990.0
Non-Grain Products,2013,3,Other,13802289,11070873,33755640.0,27417580.0
Grain Products,2013,4,Malt and malt products,334351807,345013324,1313106808.0,1361088497.0
Grain Products,2013,4,Corn and corn products,46416330,58184490,190859654.0,245061666.0
Grain Products,2013,4,Rice and rice products,63584763,57264320,250791532.0,234475533.0
Grain Products,2013,4,Barley and barley products,8355161,7616737,39531319.0,36443341.0
Grain Products,2013,4,Wheat and wheat products,2339352,2001978,8468371.0,7717893.0
Non-Grain Products,2013,4,Sugar and syrups,92273777,77370856,322119540.0,286982452.0
Non-Grain Products,2013,4,Hops (dry),9791137,11620990,38190319.0,33131750.0
Non-Grain Products,2013,4,Hops (used as extracts),302532,338454,1322880.0,1329444.0
Non-Grain Products,2013,4,Other,11928594,9872116,45727189.0,37289696.0
Grain Products,2013,5,Malt and malt products,353589770,373536872,1667088721.0,1734625369.0
Grain Products,2013,5,Corn and corn products,53185970,66220273,244045914.0,311281939.0
Grain Products,2013,5,Rice and rice products,65774053,61702673,316565981.0,296178206.0
Grain Products,2013,5,Barley and barley products,9322039,7121884,49109945.0,43567547.0
Grain Products,2013,5,Wheat and wheat products,4781594,2141616,13275009.0,9860359.0
Non-Grain Products,2013,5,Sugar and syrups,96158421,87785368,418279540.0,374767820.0
Non-Grain Products,2013,5,Hops (dry),10286943,12587512,48491993.0,45719343.0
Non-Grain Products,2013,5,Hops (used as extracts),323157,346461,1646397.0,1675905.0
Non-Grain Products,2013,5,Other,12546040,10260093,58366513.0,47549793.0
Grain Products,2013,6,Malt and malt products,370101067,389769307,2037533510.0,2124394566.0
Grain Products,2013,6,Corn and corn products,53527463,63114556,297573337.0,374396495.0
Grain Products,2013,6,Rice and rice products,64271218,59826990,380837199.0,356007412.0
Grain Products,2013,6,Barley and barley products,18971859,18133225,68171671.0,61711456.0
Grain Products,2013,6,Wheat and wheat products,3161620,3038029,16442620.0,12898943.0
Non-Grain Products,2013,6,Sugar and syrups,87459068,89473918,505742949.0,464241546.0
Non-Grain Products,2013,6,Hops (dry),12319034,12779044,60819301.0,58498602.0
Non-Grain Products,2013,6,Hops (used as extracts),338940,474042,1985337.0,2149947.0
Non-Grain Products,2013,6,Other,13473911,11927654,71841647.0,59481961.0
Grain Products,2013,7,Malt and malt products,367999200,365453746,2408459032.0,2489932460.0
Grain Products,2013,7,Corn and corn products,49297406,62909656,346874173.0,437306476.0
Grain Products,2013,7,Rice and rice products,76426446,60381622,457840860.0,416389034.0
Grain Products,2013,7,Barley and barley products,9479272,9618491,78446792.0,71375423.0
Grain Products,2013,7,Wheat and wheat products,2159949,2062727,18630593.0,14982861.0
Non-Grain Products,2013,7,Sugar and syrups,89540845,92544473,595308571.0,556786019.0
Non-Grain Products,2013,7,Hops (dry),11044977,12218257,71895795.0,70718223.0
Non-Grain Products,2013,7,Hops (used as extracts),345552,393114,2330937.0,2543061.0
Non-Grain Products,2013,7,Other,13505472,10561030,85399277.0,70042991.0
Grain Products,2013,8,Malt and malt products,339968116,363026092,2748512374.0,2852958552.0
Grain Products,2013,8,Corn and corn products,50568490,53320491,397442663.0,490626967.0
Grain Products,2013,8,Rice and rice products,66799703,65214228,524640563.0,481603262.0
Grain Products,2013,8,Barley and barley products,10069803,8648582,88589643.0,80024005.0
Grain Products,2013,8,Wheat and wheat products,1940771,2305077,20572464.0,17287938.0
Non-Grain Products,2013,8,Sugar and syrups,79896297,77157136,675204944.0,633943155.0
Non-Grain Products,2013,8,Hops (dry),1670049,10385936,73568514.0,81104159.0
Non-Grain Products,2013,8,Hops (used as extracts),324649,470391,2655590.0,3013452.0
Non-Grain Products,2013,8,Other,13373297,10627949,98772814.0,80670940.0
Grain Products,2013,9,Malt and malt products,303711377,340132804,3054364684.0,3192655606.0
Grain Products,2013,9,Corn and corn products,51834721,50321940,449278053.0,540948907.0
Grain Products,2013,9,Rice and rice products,53400257,62349936,578040830.0,543956009.0
Grain Products,2013,9,Barley and barley products,19626718,18714638,109001857.0,98791323.0
Grain Products,2013,9,Wheat and wheat products,2861762,2834683,23549131.0,20122621.0
Non-Grain Products,2013,9,Sugar and syrups,62065299,65309278,738123009.0,699254333.0
Non-Grain Products,2013,9,Hops (dry),2339398,10275173,75948139.0,91381344.0
Non-Grain Products,2013,9,Hops (used as extracts),310392,301054,2966019.0,3314506.0
Non-Grain Products,2013,9,Other,12336644,11343170,110348504.0,92014110.0
Grain Products,2013,10,Malt and malt products,321371392,322106596,3378984706.0,3514870999.0
Grain Products,2013,10,Corn and corn products,53528251,50852126,502810079.0,591801033.0
Grain Products,2013,10,Rice and rice products,54082902,59886704,632126140.0,603842713.0
Grain Products,2013,10,Barley and barley products,10271881,9689002,120056914.0,109525560.0
Grain Products,2013,10,Wheat and wheat products,1915107,1788100,25599420.0,21936476.0
Non-Grain Products,2013,10,Sugar and syrups,66002563,70186429,804207430.0,769441871.0
Non-Grain Products,2013,10,Hops (dry),1681113,9516910,77886052.0,100914245.0
Non-Grain Products,2013,10,Hops (used as extracts),325023,309173,3291167.0,3623679.0
Non-Grain Products,2013,10,Other,11808695,10280000,122330717.0,102300160.0
Grain Products,2013,11,Malt and malt products,275715285,296562303,3659909420.0,3812173262.0
Grain Products,2013,11,Corn and corn products,41543251,44982069,544355266.0,636783102.0
Grain Products,2013,11,Rice and rice products,44402687,61083530,676530004.0,664926243.0
Grain Products,2013,11,Barley and barley products,7902110,7856399,128378617.0,117505762.0
Grain Products,2013,11,Wheat and wheat products,1331387,1745472,27021360.0,23694250.0
Non-Grain Products,2013,11,Sugar and syrups,58514321,64916838,862737634.0,834366327.0
Non-Grain Products,2013,11,Hops (dry),1440544,10638921,79484744.0,111569108.0
Non-Grain Products,2013,11,Hops (used as extracts),282732,303293,3573899.0,3927082.0
Non-Grain Products,2013,11,Other,11793486,9686138,134153180.0,111986298.0
Grain Products,2013,12,Malt and malt products,294248188,304550475,3955223955.0,4116730037.0
Grain Products,2013,12,Corn and corn products,48242094,43813833,592598072.0,680596935.0
Grain Products,2013,12,Rice and rice products,47832575,51999232,724365175.0,716927663.0
Grain Products,2013,12,Barley and barley products,19579344,18068006,153349946.0,135573728.0
Grain Products,2013,12,Wheat and wheat products,2311377,2110474,29853282.0,25809942.0
Non-Grain Products,2013,12,Sugar and syrups,61764460,59685172,924712042.0,894052849.0
Non-Grain Products,2013,12,Hops (dry),2129685,7980386,81827074.0,119551476.0
Non-Grain Products,2013,12,Hops (used as extracts),312373,388398,3887149.0,4431335.0
Non-Grain Products,2013,12,Other,12527321,9607217,147200976.0,121593615.0
Grain Products,2014,1,Malt and malt products,315728713,327069448,315728713.0,327069448.0
Grain Products,2014,1,Corn and corn products,60186876,50616106,60186876.0,50616106.0
Grain Products,2014,1,Rice and rice products,52099471,62177066,52099471.0,62177066.0
Grain Products,2014,1,Barley and barley products,8185386,8196315,8185386.0,8196315.0
Grain Products,2014,1,Wheat and wheat products,1372263,1544976,1372263.0,1544976.0
Non-Grain Products,2014,1,Sugar and syrups,72039259,72879470,72039259.0,72879470.0
Non-Grain Products,2014,1,Hops (dry),1890937,9187873,1890937.0,9187873.0
Non-Grain Products,2014,1,Hops (used as extracts),298281,323622,298281.0,323622.0
Non-Grain Products,2014,1,Other,10970144,10673892,10970144.0,10673892.0
Grain Products,2014,2,Malt and malt products,293750079,312151626,609795673.0,639221074.0
Grain Products,2014,2,Corn and corn products,49718568,46512356,109905444.0,97128462.0
Grain Products,2014,2,Rice and rice products,48969378,62159433,101068849.0,124336499.0
Grain Products,2014,2,Barley and barley products,8893650,7575271,17121586.0,15771586.0
Grain Products,2014,2,Wheat and wheat products,2120033,1862221,3506618.0,3407197.0
Non-Grain Products,2014,2,Sugar and syrups,74414600,71270638,146457659.0,144150108.0
Non-Grain Products,2014,2,Hops (dry),1733845,9480187,3631050.0,18669729.0
Non-Grain Products,2014,2,Hops (used as extracts),298524,324711,596805.0,648443.0
Non-Grain Products,2014,2,Other,11645142,9280218,22615352.0,19954110.0
Grain Products,2014,3,Malt and malt products,335350528,343473172,945861951.0,970896568.0
Grain Products,2014,3,Corn and corn products,53923554,47317645,163828998.0,144446107.0
Grain Products,2014,3,Rice and rice products,48705125,62869257,150113227.0,187208379.0
Grain Products,2014,3,Barley and barley products,20694786,17815158,38581325.0,33586744.0
Grain Products,2014,3,Wheat and wheat products,3621626,3100690,7152963.0,6507887.0
Non-Grain Products,2014,3,Sugar and syrups,86871712,85795386,233356445.0,229948594.0
Non-Grain Products,2014,3,Hops (dry),3719722,9899412,7371739.0,28578312.0
Non-Grain Products,2014,3,Hops (used as extracts),351254,382793,948662.0,1031236.0
Non-Grain Products,2014,3,Other,13362414,14019036,36011262.0,33978578.0
Grain Products,2014,4,Malt and malt products,314317091,328618388,1260785227.0,1299523432.0
Grain Products,2014,4,Corn and corn products,51063013,46416330,214892481.0,190862437.0
Grain Products,2014,4,Rice and rice products,55893495,63585513,206019909.0,250793892.0
Grain Products,2014,4,Barley and barley products,10091164,8414646,49985672.0,42001765.0
Grain Products,2014,4,Wheat and wheat products,2547858,2348704,9720106.0,8857344.0
Non-Grain Products,2014,4,Sugar and syrups,83132566,92283590,316491705.0,322232184.0
Non-Grain Products,2014,4,Hops (dry),2167689,9833771,9588084.0,38412544.0
Non-Grain Products,2014,4,Hops (used as extracts),321444,302727,1270106.0,1333963.0
Non-Grain Products,2014,4,Other,13188832,11932156,49303125.0,45934572.0
Grain Products,2014,5,Malt and malt products,332831907,354357234,1589521043.0,1653880666.0
Grain Products,2014,5,Corn and corn products,59741914,53185970,274634445.0,244048407.0
Grain Products,2014,5,Rice and rice products,59209512,66094607,265229434.0,316888499.0
Grain Products,2014,5,Barley and barley products,11263219,9376068,61298879.0,51402085.0
Grain Products,2014,5,Wheat and wheat products,3267690,4812341,13014583.0,13673463.0
Non-Grain Products,2014,5,Sugar and syrups,81403402,96974214,397893884.0,419206398.0
Non-Grain Products,2014,5,Hops (dry),2173226,10312982,11787675.0,48725979.0
Non-Grain Products,2014,5,Hops (used as extracts),345805,323335,1615913.0,1657298.0
Non-Grain Products,2014,5,Other,15253410,11739485,64563566.0,57674057.0
Grain Products,2014,6,Malt and malt products,382399712,375886808,1973260240.0,2029825018.0
Grain Products,2014,6,Corn and corn products,59290119,53531753,333925094.0,297580160.0
Grain Products,2014,6,Rice and rice products,47368927,64525428,312600961.0,381416558.0
Grain Products,2014,6,Barley and barley products,23906204,22149035,85519096.0,73551120.0
Grain Products,2014,6,Wheat and wheat products,4273103,3448969,17324857.0,17122432.0
Non-Grain Products,2014,6,Sugar and syrups,78715950,87561138,476568634.0,506767536.0
Non-Grain Products,2014,6,Hops (dry),2894437,12674247,14757533.0,61421591.0
Non-Grain Products,2014,6,Hops (used as extracts),403502,339972,2019639.0,1997270.0
Non-Grain Products,2014,6,Other,32242095,13946787,97712523.0,72053356.0
Grain Products,2014,7,Malt and malt products,370565836,360125547,2345448196.0,2389952141.0
Grain Products,2014,7,Corn and corn products,47760795,49297406,381693740.0,346877566.0
Grain Products,2014,7,Rice and rice products,64828200,76426446,377429201.0,457843004.0
Grain Products,2014,7,Barley and barley products,11164504,9277184,97164326.0,82828304.0
Grain Products,2014,7,Wheat and wheat products,4202335,2203886,21578384.0,19326318.0
Non-Grain Products,2014,7,Sugar and syrups,79758226,89551409,556332616.0,596318945.0
Non-Grain Products,2014,7,Hops (dry),2423064,11087978,17214075.0,72510072.0
Non-Grain Products,2014,7,Hops (used as extracts),339167,345771,2358813.0,2343051.0
Non-Grain Products,2014,7,Other,25013032,13661124,122889450.0,85767618.0
Grain Products,2014,8,Malt and malt products,342497886,341606073,2691379668.0,2731783081.0
Grain Products,2014,8,Corn and corn products,49539298,50568490,431234151.0,397446056.0
Grain Products,2014,8,Rice and rice products,58158328,66799703,435587566.0,524642707.0
Grain Products,2014,8,Barley and barley products,10774103,10126876,108299529.0,93205938.0
Grain Products,2014,8,Wheat and wheat products,3109619,1983239,24757303.0,21316066.0
Non-Grain Products,2014,8,Sugar and syrups,84424807,79941067,640864844.0,676260012.0
Non-Grain Products,2014,8,Hops (dry),1835895,1714203,19122021.0,74232189.0
Non-Grain Products,2014,8,Hops (used as extracts),312437,325156,2671251.0,2668207.0
Non-Grain Products,2014,8,Other,13675594,13504877,136835221.0,99272495.0
Grain Products,2014,9,Malt and malt products,346653525,307559729,3039062414.0,3039428187.0
Grain Products,2014,9,Corn and corn products,46554596,51840823,477789335.0,449287004.0
Grain Products,2014,9,Rice and rice products,56748056,53402214,492367977.0,578047618.0
Grain Products,2014,9,Barley and barley products,25194159,23147906,134710257.0,116322421.0
Grain Products,2014,9,Wheat and wheat products,3802119,3122565,28615449.0,24436890.0
Non-Grain Products,2014,9,Sugar and syrups,71386473,62226609,712256043.0,738486191.0
Non-Grain Products,2014,9,Hops (dry),4289504,2539867,23443946.0,76772419.0
Non-Grain Products,2014,9,Hops (used as extracts),341156,313215,3012682.0,2981420.0
Non-Grain Products,2014,9,Other,17318046,13103408,154189235.0,112375903.0
Grain Products,2014,10,Malt and malt products,329412159,312261696,3370629014.0,3351689883.0
Grain Products,2014,10,Corn and corn products,46194312,53528251,523987528.0,502815255.0
Grain Products,2014,10,Rice and rice products,54599783,54082902,546973999.0,632130520.0
Grain Products,2014,10,Barley and barley products,14289508,10645788,149588604.0,127062119.0
Grain Products,2014,10,Wheat and wheat products,1872895,1931153,30532090.0,26370777.0
Non-Grain Products,2014,10,Sugar and syrups,77825404,66040485,790120149.0,804526862.0
Non-Grain Products,2014,10,Hops (dry),1899541,1707754,25414759.0,78481901.0
Non-Grain Products,2014,10,Hops (used as extracts),334633,325324,3347317.0,3306744.0
Non-Grain Products,2014,10,Other,13016053,12001888,167668703.0,124378782.0
Grain Products,2014,11,Malt and malt products,272737485,271089070,3641478336.0,3622812237.0
Grain Products,2014,11,Corn and corn products,38032693,41886629,562018640.0,544701884.0
Grain Products,2014,11,Rice and rice products,47373098,44402687,594337150.0,676533207.0
Grain Products,2014,11,Barley and barley products,10643784,8365993,160765839.0,135687618.0
Grain Products,2014,11,Wheat and wheat products,1345356,1494754,31911201.0,27882526.0
Non-Grain Products,2014,11,Sugar and syrups,61665023,58751413,851790010.0,863280473.0
Non-Grain Products,2014,11,Hops (dry),1492949,1482052,26905625.0,79970421.0
Non-Grain Products,2014,11,Hops (used as extracts),262480,282855,3610248.0,3589599.0
Non-Grain Products,2014,11,Other,13116911,11916608,180982725.0,136297370.0
Grain Products,2014,12,Malt and malt products,153777615,293175220,3798221225.0,3915991903.0
Grain Products,2014,12,Corn and corn products,30884481,48552945,592901569.0,593254604.0
Grain Products,2014,12,Rice and rice products,44864070,47832369,639204402.0,724368200.0
Grain Products,2014,12,Barley and barley products,9077439,22171656,167310480.0,157842071.0
Grain Products,2014,12,Wheat and wheat products,946014,2613276,32897320.0,30494295.0
Non-Grain Products,2014,12,Sugar and syrups,11292897,62038185,863154300.0,925318166.0
Non-Grain Products,2014,12,Hops (dry),284055954,2271667,310959703.0,82241820.0
Non-Grain Products,2014,12,Hops (used as extracts),42981,312845,3653284.0,3902444.0
Non-Grain Products,2014,12,Other,2442418,13132168,183516364.0,149429534.0
Grain Products,2015,1,Malt and malt products,314189672,314189672,,
Grain Products,2015,1,Corn and corn products,59759340,59759340,,
Grain Products,2015,1,Rice and rice products,52438465,52438465,,
Grain Products,2015,1,Barley and barley products,8728262,8728262,,
Grain Products,2015,1,Wheat and wheat products,1316582,1316582,,
Non-Grain Products,2015,1,Sugar and syrups,71798065,71798065,,
Non-Grain Products,2015,1,Hops (dry),1899000,1899000,,
Non-Grain Products,2015,1,Hops (used as extracts),298514,298514,,
Non-Grain Products,2015,1,Other,11573104,11573104,,
Grain Products,2015,2,Malt and malt products,292567431,606757103,,
Grain Products,2015,2,Corn and corn products,49291032,109050372,,
Grain Products,2015,2,Rice and rice products,48975137,101413602,,
Grain Products,2015,2,Barley and barley products,9108543,17836805,,
Grain Products,2015,2,Wheat and wheat products,2060046,3376628,,
Non-Grain Products,2015,2,Sugar and syrups,74138605,145936670,,
Non-Grain Products,2015,2,Hops (dry),1754927,3653927,,
Non-Grain Products,2015,2,Hops (used as extracts),298894,597408,,
Non-Grain Products,2015,2,Other,12263652,23836756,,
Grain Products,2015,3,Malt and malt products,319448327,926205430,,
Grain Products,2015,3,Corn and corn products,53588473,162638845,,
Grain Products,2015,3,Rice and rice products,48710754,150126447,,
Grain Products,2015,3,Barley and barley products,22013439,39850244,,
Grain Products,2015,3,Wheat and wheat products,3719861,7096489,,
Non-Grain Products,2015,3,Sugar and syrups,82468474,228405144,,
Non-Grain Products,2015,3,Hops (dry),3743541,7397468,,
Non-Grain Products,2015,3,Hops (used as extracts),321462,918870,,
Non-Grain Products,2015,3,Other,14164052,38000808,,
Grain Products,2015,4,Malt and malt products,310767436,1236972866,,
Grain Products,2015,4,Corn and corn products,50651219,213290064,,
Grain Products,2015,4,Rice and rice products,55895095,206021542,,
Grain Products,2015,4,Barley and barley products,9432668,49282912,,
Grain Products,2015,4,Wheat and wheat products,2543086,9639575,,
Non-Grain Products,2015,4,Sugar and syrups,82896506,311301650,,
Non-Grain Products,2015,4,Hops (dry),2184404,9581872,,
Non-Grain Products,2015,4,Hops (used as extracts),321444,1240314,,
Non-Grain Products,2015,4,Other,14074835,52075643,,
Grain Products,2015,5,Malt and malt products,332384559,1569357425,,
Grain Products,2015,5,Corn and corn products,59463385,272753449,,
Grain Products,2015,5,Rice and rice products,59210512,265232054,,
Grain Products,2015,5,Barley and barley products,11006146,60289058,,
Grain Products,2015,5,Wheat and wheat products,3270150,12909725,,
Non-Grain Products,2015,5,Sugar and syrups,81171257,392472907,,
Non-Grain Products,2015,5,Hops (dry),2188410,11770282,,
Non-Grain Products,2015,5,Hops (used as extracts),345805,1586119,,
Non-Grain Products,2015,5,Other,16048061,68123704,,
Grain Products,2015,6,Malt and malt products,383818029,1953175454,,
Grain Products,2015,6,Corn and corn products,58932810,331686259,,
Grain Products,2015,6,Rice and rice products,47366346,312601177,,
Grain Products,2015,6,Barley and barley products,24840171,85129229,,
Grain Products,2015,6,Wheat and wheat products,4325143,17234868,,
Non-Grain Products,2015,6,Sugar and syrups,78547713,471020620,,
Non-Grain Products,2015,6,Hops (dry),2991932,14762214,,
Non-Grain Products,2015,6,Hops (used as extracts),403948,1990067,,
Non-Grain Products,2015,6,Other,33086953,101210657,,
Grain Products,2015,7,Malt and malt products,351222725,2304398179,,
Grain Products,2015,7,Corn and corn products,47503607,379189866,,
Grain Products,2015,7,Rice and rice products,64827600,377428777,,
Grain Products,2015,7,Barley and barley products,11059580,96188809,,
Grain Products,2015,7,Wheat and wheat products,4133710,21368578,,
Non-Grain Products,2015,7,Sugar and syrups,74805384,545826004,,
Non-Grain Products,2015,7,Hops (dry),2352314,17114528,,
Non-Grain Products,2015,7,Hops (used as extracts),339168,2329235,,
Non-Grain Products,2015,7,Other,25049222,126259879,,
Grain Products,2015,8,Malt and malt products,326075404,2630473583,,
Grain Products,2015,8,Corn and corn products,49124855,428314721,,
Grain Products,2015,8,Rice and rice products,58190840,435619617,,
Grain Products,2015,8,Barley and barley products,11696242,107885051,,
Grain Products,2015,8,Wheat and wheat products,3015906,24384484,,
Non-Grain Products,2015,8,Sugar and syrups,80080228,625906232,,
Non-Grain Products,2015,8,Hops (dry),1807220,18921748,,
Non-Grain Products,2015,8,Hops (used as extracts),312425,2641660,,
Non-Grain Products,2015,8,Other,13967238,140227117,,
Grain Products,2015,9,Malt and malt products,328674963,2959148546,,
Grain Products,2015,9,Corn and corn products,41626738,469941459,,
Grain Products,2015,9,Rice and rice products,48134917,483758366,,
Grain Products,2015,9,Barley and barley products,26802044,134687095,,
Grain Products,2015,9,Wheat and wheat products,3829592,28214076,,
Non-Grain Products,2015,9,Sugar and syrups,71270147,697176379,,
Non-Grain Products,2015,9,Hops (dry),4335014,23256762,,
Non-Grain Products,2015,9,Hops (used as extracts),339156,2980816,,
Non-Grain Products,2015,9,Other,18361202,158588319,,
Grain Products,2015,10,Malt and malt products,305864536,3265013082,,
Grain Products,2015,10,Corn and corn products,41417962,511359421,,
Grain Products,2015,10,Rice and rice products,45050667,528809033,,
Grain Products,2015,10,Barley and barley products,13833433,148520528,,
Grain Products,2015,10,Wheat and wheat products,1568734,29782810,,
Non-Grain Products,2015,10,Sugar and syrups,77650579,774826958,,
Non-Grain Products,2015,10,Hops (dry),1826524,25083286,,
Non-Grain Products,2015,10,Hops (used as extracts),330925,3311741,,
Non-Grain Products,2015,10,Other,13718274,172306593,,
Grain Products,2015,11,Malt and malt products,248702560,3513715642,,
Grain Products,2015,11,Corn and corn products,31612117,542971538,,
Grain Products,2015,11,Rice and rice products,38579400,567388433,,
Grain Products,2015,11,Barley and barley products,8852396,157372924,,
Grain Products,2015,11,Wheat and wheat products,1292617,31075427,,
Non-Grain Products,2015,11,Sugar and syrups,61470208,836297166,,
Non-Grain Products,2015,11,Hops (dry),1360528,26443814,,
Non-Grain Products,2015,11,Hops (used as extracts),258557,3570298,,
Non-Grain Products,2015,11,Other,13861638,186168231,,
Grain Products,2015,12,Malt and malt products,155495923,3669211565,,
Grain Products,2015,12,Corn and corn products,27270242,570241780,,
Grain Products,2015,12,Rice and rice products,36403087,603794296,,
Grain Products,2015,12,Barley and barley products,11466970,168839894,,
Grain Products,2015,12,Wheat and wheat products,1070326,32145753,,
Non-Grain Products,2015,12,Sugar and syrups,11332454,847629620,,
Non-Grain Products,2015,12,Hops (dry),284114545,310558359,,
Non-Grain Products,2015,12,Hops (used as extracts),41207,3611505,,
Non-Grain Products,2015,12,Other,3237774,189406005,,
Grain Products,2016,1,Malt and malt products,13269843,13269843,,
Grain Products,2016,1,Corn and corn products,63293,63293,,
Grain Products,2016,1,Rice and rice products,245003,245003,,
Grain Products,2016,1,Barley and barley products,1288972,1288972,,
Grain Products,2016,1,Wheat and wheat products,141812,141812,,
Non-Grain Products,2016,1,Sugar and syrups,164096,164096,,
Non-Grain Products,2016,1,Hops (dry),145761,145761,,
Non-Grain Products,2016,1,Hops (used as extracts),8042,8042,,
Non-Grain Products,2016,1,Other,378366,378366,,
Grain Products,2016,2,Malt and malt products,11593322,24863165,,
Grain Products,2016,2,Corn and corn products,44157,107450,,
Grain Products,2016,2,Rice and rice products,676833,921836,,
Grain Products,2016,2,Barley and barley products,710739,1999711,,
Grain Products,2016,2,Wheat and wheat products,89222,231034,,
Non-Grain Products,2016,2,Sugar and syrups,118169,282265,,
Non-Grain Products,2016,2,Hops (dry),117249,263010,,
Non-Grain Products,2016,2,Hops (used as extracts),6093,14135,,
Non-Grain Products,2016,2,Other,446955,825321,,
Grain Products,2016,3,Malt and malt products,16110664,40973829,,
Grain Products,2016,3,Corn and corn products,7456,114906,,
Grain Products,2016,3,Rice and rice products,793898,1715817,,
Grain Products,2016,3,Barley and barley products,3944620,5944331,,
Grain Products,2016,3,Wheat and wheat products,337907,568941,,
Non-Grain Products,2016,3,Sugar and syrups,219736,502001,,
Non-Grain Products,2016,3,Hops (dry),452882,715892,,
Non-Grain Products,2016,3,Hops (used as extracts),6977,21112,,
Non-Grain Products,2016,3,Other,1372711,2198032,,
Grain Products,2016,4,Malt and malt products,10396531,51370360,,
Grain Products,2016,4,Corn and corn products,275,115181,,
Grain Products,2016,4,Rice and rice products,676607,2392424,,
Grain Products,2016,4,Barley and barley products,539712,6484043,,
Grain Products,2016,4,Wheat and wheat products,51605,620546,,
Non-Grain Products,2016,4,Sugar and syrups,153518,655519,,
Non-Grain Products,2016,4,Hops (dry),78105,793997,,
Non-Grain Products,2016,4,Hops (used as extracts),6071,27183,,
Non-Grain Products,2016,4,Other,95756,2293788,,
Grain Products,2016,5,Malt and malt products,9714394,61084754,,
Grain Products,2016,5,Corn and corn products,500,115681,,
Grain Products,2016,5,Rice and rice products,648892,3041316,,
Grain Products,2016,5,Barley and barley products,418612,6902655,,
Grain Products,2016,5,Wheat and wheat products,36194,656740,,
Non-Grain Products,2016,5,Sugar and syrups,118046,773565,,
Non-Grain Products,2016,5,Hops (dry),66909,860906,,
Non-Grain Products,2016,5,Hops (used as extracts),1795,28978,,
Non-Grain Products,2016,5,Other,88626,2382414,,
Grain Products,2016,6,Malt and malt products,14335998,75420752,,
Grain Products,2016,6,Corn and corn products,8684,124365,,
Grain Products,2016,6,Rice and rice products,648601,3689917,,
Grain Products,2016,6,Barley and barley products,3380038,10282693,,
Grain Products,2016,6,Wheat and wheat products,368680,1025420,,
Non-Grain Products,2016,6,Sugar and syrups,209884,983449,,
Non-Grain Products,2016,6,Hops (dry),324830,1185736,,
Non-Grain Products,2016,6,Hops (used as extracts),2901,31879,,
Non-Grain Products,2016,6,Other,1395602,3778016,,
Grain Products,2016,7,Malt and malt products,10855750,86276502,,
Grain Products,2016,7,Corn and corn products,345,124710,,
Grain Products,2016,7,Rice and rice products,889144,4579061,,
Grain Products,2016,7,Barley and barley products,699997,10982690,,
Grain Products,2016,7,Wheat and wheat products,74798,1100218,,
Non-Grain Products,2016,7,Sugar and syrups,141651,1125100,,
Non-Grain Products,2016,7,Hops (dry),175278,1361014,,
Non-Grain Products,2016,7,Hops (used as extracts),1791,33670,,
Non-Grain Products,2016,7,Other,386932,4164948,,
Grain Products,2016,8,Malt and malt products,10454205,96730707,,
Grain Products,2016,8,Corn and corn products,205,124915,,
Grain Products,2016,8,Rice and rice products,675382,5254443,,
Grain Products,2016,8,Barley and barley products,310695,11293385,,
Grain Products,2016,8,Wheat and wheat products,58487,1158705,,
Non-Grain Products,2016,8,Sugar and syrups,178201,1303301,,
Non-Grain Products,2016,8,Hops (dry),178127,1539141,,
Non-Grain Products,2016,8,Hops (used as extracts),5131,38801,,
Non-Grain Products,2016,8,Other,70364,4235312,,
Grain Products,2016,9,Malt and malt products,13362702,110093409,,
Grain Products,2016,9,Corn and corn products,10236,135151,,
Grain Products,2016,9,Rice and rice products,759649,6014092,,
Grain Products,2016,9,Barley and barley products,3451469,14744854,,
Grain Products,2016,9,Wheat and wheat products,311154,1469859,,
Non-Grain Products,2016,9,Sugar and syrups,114284,1417585,,
Non-Grain Products,2016,9,Hops (dry),341114,1880255,,
Non-Grain Products,2016,9,Hops (used as extracts),2952,41753,,
Non-Grain Products,2016,9,Other,1106696,5342008,,
Grain Products,2016,10,Malt and malt products,9801457,119894866,,
Grain Products,2016,10,Corn and corn products,0,135151,,
Grain Products,2016,10,Rice and rice products,736241,6750333,,
Grain Products,2016,10,Barley and barley products,383392,15128246,,
Grain Products,2016,10,Wheat and wheat products,19912,1489771,,
Non-Grain Products,2016,10,Sugar and syrups,115864,1533449,,
Non-Grain Products,2016,10,Hops (dry),61685,1941940,,
Non-Grain Products,2016,10,Hops (used as extracts),2122,43875,,
Non-Grain Products,2016,10,Other,66207,5408215,,
Grain Products,2016,11,Malt and malt products,9290949,129185815,,
Grain Products,2016,11,Corn and corn products,150,135301,,
Grain Products,2016,11,Rice and rice products,724774,7475107,,
Grain Products,2016,11,Barley and barley products,182314,15310560,,
Grain Products,2016,11,Wheat and wheat products,28557,1518328,,
Non-Grain Products,2016,11,Sugar and syrups,63448,1596897,,
Non-Grain Products,2016,11,Hops (dry),48846,1990786,,
Non-Grain Products,2016,11,Hops (used as extracts),5033,48908,,
Non-Grain Products,2016,11,Other,55017,5463232,,
Grain Products,2016,12,Malt and malt products,11827661,141013476,,
Grain Products,2016,12,Corn and corn products,16200,151501,,
Grain Products,2016,12,Rice and rice products,15038,7490145,,
Grain Products,2016,12,Barley and barley products,2446254,17756814,,
Grain Products,2016,12,Wheat and wheat products,220831,1739159,,
Non-Grain Products,2016,12,Sugar and syrups,87586,1684483,,
Non-Grain Products,2016,12,Hops (dry),218904,2209690,,
Non-Grain Products,2016,12,Hops (used as extracts),8997,57905,,
Non-Grain Products,2016,12,Other,662408,6125640,,
Grain Products,2017,1,Malt and malt products,8435064,8435064,,
Grain Products,2017,1,Corn and corn products,0,0,,
Grain Products,2017,1,Rice and rice products,10405,10405,,
Grain Products,2017,1,Barley and barley products,153874,153874,,
Grain Products,2017,1,Wheat and wheat products,28355,28355,,
Non-Grain Products,2017,1,Sugar and syrups,39933,39933,,
Non-Grain Products,2017,1,Hops (dry),43972,43972,,
Non-Grain Products,2017,1,Hops (used as extracts),6974,6974,,
Non-Grain Products,2017,1,Other,477233,477233,,
Grain Products,2017,2,Malt and malt products,2746382,11181446,,
Grain Products,2017,2,Corn and corn products,350,350,,
Grain Products,2017,2,Rice and rice products,590680,601085,,
Grain Products,2017,2,Barley and barley products,157027,310901,,
Grain Products,2017,2,Wheat and wheat products,31070,59425,,
Non-Grain Products,2017,2,Sugar and syrups,55403,95336,,
Non-Grain Products,2017,2,Hops (dry),55754,99726,,
Non-Grain Products,2017,2,Hops (used as extracts),1690,8664,,
Non-Grain Products,2017,2,Other,67903,545136,,
Grain Products,2017,3,Malt and malt products,11015402,22196848,,
Grain Products,2017,3,Corn and corn products,6481,6831,,
Grain Products,2017,3,Rice and rice products,819857,1420942,,
Grain Products,2017,3,Barley and barley products,1773434,2084335,,
Grain Products,2017,3,Wheat and wheat products,193320,252745,,
Non-Grain Products,2017,3,Sugar and syrups,149440,244776,,
Non-Grain Products,2017,3,Hops (dry),157263,256989,,
Non-Grain Products,2017,3,Hops (used as extracts),2133,10797,,
Non-Grain Products,2017,3,Other,583019,1128155,,
Grain Products,2017,4,Malt and malt products,8777098,31012626,,
Grain Products,2017,4,Corn and corn products,10660,17491,,
Grain Products,2017,4,Rice and rice products,412657,1833599,,
Grain Products,2017,4,Barley and barley products,142779,2227114,,
Grain Products,2017,4,Wheat and wheat products,46116,298861,,
Non-Grain Products,2017,4,Sugar and syrups,132019,376795,,
Non-Grain Products,2017,4,Hops (dry),151966,409113,,
Non-Grain Products,2017,4,Hops (used as extracts),1614,12411,,
Non-Grain Products,2017,4,Other,69748,1198233,,
Grain Products,2017,5,Malt and malt products,10242822,41216768,,
Grain Products,2017,5,Corn and corn products,1642,19133,,
Grain Products,2017,5,Rice and rice products,1849,1835448,,
Grain Products,2017,5,Barley and barley products,183174,2410288,,
Grain Products,2017,5,Wheat and wheat products,36851,335712,,
Non-Grain Products,2017,5,Sugar and syrups,24725,401520,,
Non-Grain Products,2017,5,Hops (dry),147645,556600,,
Non-Grain Products,2017,5,Hops (used as extracts),1939,14350,,
Non-Grain Products,2017,5,Other,74380,1272283,,
Grain Products,2017,6,Malt and malt products,12936288,54153056,,
Grain Products,2017,6,Corn and corn products,4584,23717,,
Grain Products,2017,6,Rice and rice products,4901,1840349,,
Grain Products,2017,6,Barley and barley products,1333243,3743531,,
Grain Products,2017,6,Wheat and wheat products,235017,570729,,
Non-Grain Products,2017,6,Sugar and syrups,57026,458546,,
Non-Grain Products,2017,6,Hops (dry),251754,808354,,
Non-Grain Products,2017,6,Hops (used as extracts),3152,17502,,
Non-Grain Products,2017,6,Other,1223682,2495965,,
Grain Products,2017,7,Malt and malt products,8321067,62474123,,
Grain Products,2017,7,Corn and corn products,125,23842,,
Grain Products,2017,7,Rice and rice products,1532,1841881,,
Grain Products,2017,7,Barley and barley products,175807,3919338,,
Grain Products,2017,7,Wheat and wheat products,35188,605917,,
Non-Grain Products,2017,7,Sugar and syrups,23179,481725,,
Non-Grain Products,2017,7,Hops (dry),136540,944894,,
Non-Grain Products,2017,7,Hops (used as extracts),1850,19352,,
Non-Grain Products,2017,7,Other,42006,2537971,,
Grain Products,2017,8,Malt and malt products,8784839,71258962,,
Grain Products,2017,8,Corn and corn products,225,24067,,
Grain Products,2017,8,Rice and rice products,3212,1845093,,
Grain Products,2017,8,Barley and barley products,178401,4097739,,
Grain Products,2017,8,Wheat and wheat products,37292,643209,,
Non-Grain Products,2017,8,Sugar and syrups,22887,504612,,
Non-Grain Products,2017,8,Hops (dry),157967,1102861,,
Non-Grain Products,2017,8,Hops (used as extracts),5922,25274,,
Non-Grain Products,2017,8,Other,30649,2568620,,
Grain Products,2017,9,Malt and malt products,11745875,83004837,,
Grain Products,2017,9,Corn and corn products,9543,33610,,
Grain Products,2017,9,Rice and rice products,3557,1848650,,
Grain Products,2017,9,Barley and barley products,1685465,5783204,,
Grain Products,2017,9,Wheat and wheat products,146220,789429,,
Non-Grain Products,2017,9,Sugar and syrups,50807,555419,,
Non-Grain Products,2017,9,Hops (dry),273705,1376566,,
Non-Grain Products,2017,9,Hops (used as extracts),237,25511,,
Non-Grain Products,2017,9,Other,639700,3208320,,
Grain Products,2017,10,Malt and malt products,8675502,91680339,,
Grain Products,2017,10,Corn and corn products,125,33735,,
Grain Products,2017,10,Rice and rice products,1160,1849810,,
Grain Products,2017,10,Barley and barley products,140920,5924124,,
Grain Products,2017,10,Wheat and wheat products,25505,814934,,
Non-Grain Products,2017,10,Sugar and syrups,21869,577288,,
Non-Grain Products,2017,10,Hops (dry),52286,1428852,,
Non-Grain Products,2017,10,Hops (used as extracts),82,25593,,
Non-Grain Products,2017,10,Other,75566,3283886,,
Grain Products,2017,11,Malt and malt products,8092727,99773066,,
Grain Products,2017,11,Corn and corn products,275,34010,,
Grain Products,2017,11,Rice and rice products,1560,1851370,,
Grain Products,2017,11,Barley and barley products,133699,6057823,,
Grain Products,2017,11,Wheat and wheat products,33324,848258,,
Non-Grain Products,2017,11,Sugar and syrups,23158,600446,,
Non-Grain Products,2017,11,Hops (dry),150955,1579807,,
Non-Grain Products,2017,11,Hops (used as extracts),1431,27024,,
Non-Grain Products,2017,11,Other,105394,3389280,,
Grain Products,2017,12,Malt and malt products,12651943,112898190,,
Grain Products,2017,12,Corn and corn products,2777,36787,,
Grain Products,2017,12,Rice and rice products,2472,1853842,,
Grain Products,2017,12,Barley and barley products,1093381,7151204,,
Grain Products,2017,12,Wheat and wheat products,128174,976432,,
Non-Grain Products,2017,12,Sugar and syrups,36213,642108,,
Non-Grain Products,2017,12,Hops (dry),1453024,3040143,,
Non-Grain Products,2017,12,Hops (used as extracts),2117,29141,,
Non-Grain Products,2017,12,Other,657306,4048091,,
